id,name,slug,code,supplier_name
1,(RBM-35T) 47201-0K040,,394,MULTIMOTORS
2,04226-0L010,,1168,
3,04465-YZZR2,,527,MULTIMOTORS
4,04466-YZZAC,,528,MULTIMOTORS
5,047500-1730,,798,
6,047500-9071,,799,
7,065000-1810,,644,
8,065000-2061,,863,
9,065000-3070,,642,
10,065000-46100,,643,
11,065000-7241,,1542,MULTIMOTORS
12,0W-40,,885,
13,0W-40,,892,
14,0W-40,,1573,
15,104RU30,,349,MULTIMOTORS
16,10W-40,,4,EVERSTRONG
17,10w-40,,1913,LUCAS
18,11213-0C010,,1380,MULTIMOTORS
19,11213-15070,,1388,MULTIMOTORS
20,11213-22050,,1386,MULTIMOTORS
21,11213-54050,,1378,MULTIMOTORS
22,1145A019,,338,MULTIMOTORS
23,1145A031,,14,
24,1145A078,,1008,
25,117MY21,,344,MULTIMOTORS
26,12.5X1450,,274,MULTIMOTORS
27,13568-16051,,1537,MULTIMOTORS
28,13568-19046,,345,MULTIMOTORS
29,13568-69055,,346,MULTIMOTORS
30,13568-YZZ01,,347,MULTIMOTORS
31,13568-YZZ11,,348,MULTIMOTORS
32,1363-46100,,866,
33,13C0130CG,,635,MULTIMOTORS
34,13X1450,,260,MULTIMOTORS
35,13X1525,,190,MULTIMOTORS
36,13X715 Li,,1609,MULTIMOTORS
37,14137A/276,,1473,MULTIMOTORS
38,14400-P2A-004,,332,MULTIMOTORS
39,14400-P2E-004,,333,MULTIMOTORS
40,14400-PLA-004,,334,MULTIMOTORS
41,14400-PLM-014,,335,MULTIMOTORS
42,1460A037,,1169,
43,15407-5166,,52,MULTIMOTORS
44,15W-40,,3,EVERSTRONG
45,15W-40,,878,MULTIMOTORS
46,15W-40,15w-40,1574,WUERTH
47,16,,760,
48,16363-74200,,865,
49,16403-3XN1A,,821,MULTIMOTORS
50,17801-BZ100,,1547,MULTIMOTORS
51,17801-OLO40,,1909,CARBUCKS
52,17801-OYO40,,1908,CARBUCKS
53,17X1040 Li,,1610,MULTIMOTORS
54,18,,759,
55,190-94011,,207,MULTIMOTORS
56,19372570/TOY-67040,,1774,STORM AUTOMOTIVE PARTS INC.
57,19372610,,1766,STORM AUTOMOTIVE PARTS INC.
58,19372988,,1769,STORM AUTOMOTIVE PARTS INC.
59,19372989,,1771,STORM AUTOMOTIVE PARTS INC.
60,19373159,,1849,STORM AUTOMOTIVE PARTS INC.
61,"19373177/ T- RUSH,AVANZA",,1852,STORM AUTOMOTIVE PARTS INC.
62,2008,,859,
63,20100,,671,
64,2014,,862,
65,20W-50,,898,WUERTH
66,20W-50,,1682,
67,21811-4A000,,768,MULTIMOTORS
68,2190,,683,MULTIMOTORS
69,21911C,,721,
70,23151-5X21B,,1898,MULTIMOTORS
71,23220-0M050,,747,
72,23390-OLO70/F-197,,1903,CARBUCKS
73,23710-85232,,1541,MULTIMOTORS
74,23710-85236,,589,MULTIMOTORS
75,23710-88022,,1540,MULTIMOTORS
76,26320-2A500,,922,MULTIMOTORS
77,26320-2F000,,923,MULTIMOTORS
78,26719,,624,MULTIMOTORS
79,27415-0L030,,1899,MULTIMOTORS
80,27415-30010,,1900,MULTIMOTORS
81,2DUFO54N-2B,,577,MULTIMOTORS
82,2PIN,,726,
83,3/8 (O) 4 HOLES,,1014,
84,30205JR,,1474,MULTIMOTORS
85,30BDS222T12DDUCG21,,1493,MULTIMOTORS
86,31420,,842,MULTIMOTORS
87,31420-26201,,645,MULTIMOTORS
88,31470-60201,,844,MULTIMOTORS
89,32008JR,,1475,MULTIMOTORS
90,32008X/17831,,1495,MULTIMOTORS
91,332019150,,653,
92,339031,,1637,MULTIMOTORS
93,339032,,1636,MULTIMOTORS
94,339065,,1093,MULTIMOTORS
95,340053,,1098,MULTIMOTORS
96,340107,,1096,MULTIMOTORS
97,341140,,1103,MULTIMOTORS
98,341145,,1115,MULTIMOTORS
99,341396/ TOYOTA FURTUNER 2005 -2020,,1120,MULTIMOTORS
100,341415,,1089,MULTIMOTORS
101,3430034,,1596,MULTIMOTORS
102,343251,,1091,MULTIMOTORS
103,343336,,1109,MULTIMOTORS
104,343337,,1088,MULTIMOTORS
105,343400,,1110,MULTIMOTORS
106,343472,,1087,MULTIMOTORS
107,3440082,,1654,MULTIMOTORS
108,344223,,1687,
109,344286,,1111,MULTIMOTORS
110,344420,,1114,MULTIMOTORS
111,344422,,1116,MULTIMOTORS
112,344822,,1097,MULTIMOTORS
113,349016,,1112,MULTIMOTORS
114,349017,,1101,MULTIMOTORS
115,349030,,1102,MULTIMOTORS
116,349032,,1100,MULTIMOTORS
117,349059,,1108,MULTIMOTORS
118,349111,,1099,MULTIMOTORS
119,349198,,1741,MULTIMOTORS
120,349222,,1107,MULTIMOTORS
121,354-A1,,666,
122,354-AI,,647,
123,37230-0K010,,571,MULTIMOTORS
124,37230-0K010,,579,MULTIMOTORS
125,37230-0K021,,575,MULTIMOTORS
126,37521-57G25,,576,MULTIMOTORS
127,"39100X3/4""""",,275,MULTIMOTORS
128,39117X21.1,,276,MULTIMOTORS
129,3PK-630,,277,MULTIMOTORS
130,4010A007,,54,MULTIMOTORS
131,4010A17,,65,MULTIMOTORS
132,40206-02N00,,367,MULTIMOTORS
133,40206-4M403,,366,MULTIMOTORS
134,40206-JB70B,,368,MULTIMOTORS
135,40206-SR70B,,369,MULTIMOTORS
136,4056A049,,1134,MULTIMOTORS
137,4113A085,,1216,MULTIMOTORS
138,4156A004,,1142,MULTIMOTORS
139,42410-52020,,1452,MULTIMOTORS
140,4291-W5W,,1607,
141,43512-02070,,388,MULTIMOTORS
142,43512-0D030,,370,MULTIMOTORS
143,43512-0D100,,371,MULTIMOTORS
144,43512-0K010,,372,MULTIMOTORS
145,43512-12350,,374,MULTIMOTORS
146,43512-12350,,389,MULTIMOTORS
147,43512-26090,,375,MULTIMOTORS
148,43512-26190,,376,MULTIMOTORS
149,43512-26190,,390,MULTIMOTORS
150,43512-BZ020,,377,MULTIMOTORS
151,4430-0K040,,1165,
152,443285,,1119,MULTIMOTORS
153,447500-0031,,797,
154,447500-1311,,796,
155,447500-1600,,1643,KING SUN
156,46B24L/NS60,,1793,JRM
157,46T080603,,1496,MULTIMOTORS
158,46T3665-F6A,,1497,MULTIMOTORS
159,48061-26010,,1214,MULTIMOTORS
160,48632-0K010,,1239,MULTIMOTORS
161,48632-0K020,,50,MULTIMOTORS
162,48632-0K040,,1217,MULTIMOTORS
163,48632-0K040,,1240,MULTIMOTORS
164,48632-0K040,,1513,MULTIMOTORS
165,48632-39016,,1222,MULTIMOTORS
166,48635-26010,,1200,MULTIMOTORS
167,48635-28010,,1209,MULTIMOTORS
168,48654-0D040,,66,MULTIMOTORS
169,48654-0D040,,1212,MULTIMOTORS
170,48654-0D060,,1248,MULTIMOTORS
171,48654-12070,,56,MULTIMOTORS
172,48654-12070,,1223,MULTIMOTORS
173,48654-12090,,1205,MULTIMOTORS
174,48654-12120,,57,MULTIMOTORS
175,48654-12120,,67,MULTIMOTORS
176,48654-BZ070,,1226,MULTIMOTORS
177,48655-0D080,,1230,MULTIMOTORS
178,48655-12010,,1201,MULTIMOTORS
179,48655-12050/TY407-4498,,59,MULTIMOTORS
180,48655-12120/12H30,,60,MULTIMOTORS
181,48655-12130,,1213,MULTIMOTORS
182,48655-12170,,61,MULTIMOTORS
183,48655-12170,,1211,MULTIMOTORS
184,48655-12170/02100,,68,MULTIMOTORS
185,48655-42060,,1635,MULTIMOTORS
186,48655-BZ120,,1215,MULTIMOTORS
187,48702-0K020,,1221,MULTIMOTORS
188,48702-0K030,,1227,MULTIMOTORS
189,48725-0D040,,1225,MULTIMOTORS
190,48725-12150,,1231,MULTIMOTORS
191,48725-12150,,1518,MULTIMOTORS
192,48810/20,,1334,
193,48815-12230,,1138,MULTIMOTORS
194,48815-26221,,1131,MULTIMOTORS
195,48815-BZ010,,1608,
196,48818-12070,,1143,MULTIMOTORS
197,4A000,,164,MULTIMOTORS
198,4PK-1000,,208,MULTIMOTORS
199,4PK-1000,,278,MULTIMOTORS
200,4PK-1010,,209,MULTIMOTORS
201,4PK-1020,,210,MULTIMOTORS
202,4PK-1025,,211,MULTIMOTORS
203,4PK-1030,,212,MULTIMOTORS
204,4PK-1040,,213,MULTIMOTORS
205,4PK-1050,,214,MULTIMOTORS
206,4PK-1060,,215,MULTIMOTORS
207,4PK-1070,,216,MULTIMOTORS
208,4PK-1080,,217,MULTIMOTORS
209,4PK-1090,,205,MULTIMOTORS
210,4PK-1100,,279,MULTIMOTORS
211,4PK-1110,,280,MULTIMOTORS
212,4PK-1115,,218,MULTIMOTORS
213,4PK-1120,,219,MULTIMOTORS
214,4PK-1130,,203,MULTIMOTORS
215,4PK-1140,,220,MULTIMOTORS
216,4PK-1145,,221,MULTIMOTORS
217,4PK-1150,,222,MULTIMOTORS
218,4PK-1170,,223,MULTIMOTORS
219,4PK-1180,,224,MULTIMOTORS
220,4PK-1220,,270,MULTIMOTORS
221,4PK-1240,,1535,MULTIMOTORS
222,4PK-1260,,225,MULTIMOTORS
223,4PK-1420,,1938,MULTIMOTORS
224,4PK-1700,,263,MULTIMOTORS
225,4PK-1730,,272,MULTIMOTORS
226,4PK-1850,,282,MULTIMOTORS
227,4PK-1865,,283,MULTIMOTORS
228,4PK-1890,,284,MULTIMOTORS
229,4PK-640,,226,MULTIMOTORS
230,4PK-640,,285,MULTIMOTORS
231,4PK-705,,227,MULTIMOTORS
232,4PK-725,,228,MULTIMOTORS
233,4PK-730,,229,MULTIMOTORS
234,4PK-740,,286,MULTIMOTORS
235,4PK-780,,288,MULTIMOTORS
236,4PK-790,,289,MULTIMOTORS
237,4PK-800,,231,MULTIMOTORS
238,4PK-810,,232,MULTIMOTORS
239,4PK-810,,290,MULTIMOTORS
240,4PK-815,,291,MULTIMOTORS
241,4PK-820,,262,MULTIMOTORS
242,4PK-825,,233,MULTIMOTORS
243,4PK-830,,234,MULTIMOTORS
244,4PK-845,,235,MULTIMOTORS
245,4PK-845,,292,MULTIMOTORS
246,4PK-850,,204,MULTIMOTORS
247,4PK-855,,236,MULTIMOTORS
248,4PK-860,,237,MULTIMOTORS
249,4PK-865,,238,MULTIMOTORS
250,4PK-865,,293,MULTIMOTORS
251,4PK-870,,239,MULTIMOTORS
252,4PK-870,,294,MULTIMOTORS
253,4PK-875,,295,MULTIMOTORS
254,4PK-890,,241,MULTIMOTORS
255,4PK-895,,242,MULTIMOTORS
256,4PK-900,,243,MULTIMOTORS
257,4PK-910,,296,MULTIMOTORS
258,4PK-915,,244,MULTIMOTORS
259,4PK-925,,245,MULTIMOTORS
260,4PK-930,,246,MULTIMOTORS
261,4PK-935,,247,MULTIMOTORS
262,4PK-940,,297,MULTIMOTORS
263,4PK-945,,249,MULTIMOTORS
264,4PK-950,,250,MULTIMOTORS
265,4PK-960,,251,MULTIMOTORS
266,4PK-970,,252,MULTIMOTORS
267,4PK-980,,253,MULTIMOTORS
268,4PK-995,,255,MULTIMOTORS
269,4T-17887,,1519,MULTIMOTORS
270,5/16(O)4 HOLES,,1015,
271,51100-60C10,,846,MULTIMOTORS
272,52371-SH3-G07,,1235,MULTIMOTORS
273,53010-SEL-003,,1064,MULTIMOTORS
274,535-012810,,45,MULTIMOTORS
275,53540-SEL-T01,,1332,
276,53560-SEL-T01,,1331,
277,5420 (1040Lix17),,192,MULTIMOTORS
278,54417-4AA00,,165,MULTIMOTORS
279,54551-2B000,,1203,MULTIMOTORS
280,54584-4H000,,1136,MULTIMOTORS
281,54811-3E060,,1158,
282,54813-3K200,,1129,MULTIMOTORS
283,54813-4A000,,1130,MULTIMOTORS
284,54830-A600,,1147,
285,553116,,1113,MULTIMOTORS
286,553193,,1117,MULTIMOTORS
287,553285,,1118,MULTIMOTORS
288,554101,,1106,MULTIMOTORS
289,554102,,1105,MULTIMOTORS
290,5542-JOAO/EB70A,,71,MULTIMOTORS
291,55513-4H000,,1243,MULTIMOTORS
292,55530-4A000,,1159,
293,56820-25050,,1330,
294,56820-2S000,,1333,
295,57732-3E010,,1055,MULTIMOTORS
296,58097X25,,1374,MULTIMOTORS
297,59160-417001/4A001,,396,MULTIMOTORS
298,5pk-1265,,1939,MULTIMOTORS
299,5PK-1425,,264,MULTIMOTORS
300,5pk-1425,,1860,STORM AUTOMOTIVE PARTS INC.
301,5PK-1810,,298,MULTIMOTORS
302,5PK-895,,299,MULTIMOTORS
303,5PK-970,,300,MULTIMOTORS
304,5W-30,,887,MULTIMOTORS
305,5W-30,,889,MULTIMOTORS
306,5W-30,,1949,MULTIMOTORS
307,5W-30 ( DIESEL CLEAN ),5w-30-diesel-clean,1842,MULTIMOTORS
308,5W-40,,873,MULTIMOTORS
309,5W-40,,883,MULTIMOTORS
310,5w-40,,886,MULTIMOTORS
311,5W-40,,890,MULTIMOTORS
312,5W-40,,893,MULTIMOTORS
313,62062RSCM,,1464,MULTIMOTORS
314,6212BW2RKC4,,1456,MULTIMOTORS
315,63042RSCM,,1457,MULTIMOTORS
316,6308ZZE,,1479,MULTIMOTORS
317,65000-7121,,637,
318,65D26L/N50 MF,,168,JRM AUTO MOTOCYLE
319,6PK-1030,,301,MULTIMOTORS
320,6PK-1115,,302,MULTIMOTORS
321,6PK-1155,,193,MULTIMOTORS
322,6PK-1495,,304,MULTIMOTORS
323,6PK-1515,,305,MULTIMOTORS
324,6PK-1516,,1533,MULTIMOTORS
325,6PK-1520,,306,MULTIMOTORS
326,6PK-1640,,1591,MULTIMOTORS
327,6pk-1670,,1859,STORM AUTOMOTIVE PARTS INC.
328,6PK-1700,,307,MULTIMOTORS
329,6PK-1700,,308,MULTIMOTORS
330,6PK-2245,,256,MULTIMOTORS
331,6PK-2821,,273,MULTIMOTORS
332,6PK-2870,,1534,MULTIMOTORS
333,70B24L,,1530,JRM
334,70B24R/SMF,,169,JRM AUTO MOTOCYLE
335,75D23L,,1531,JRM
336,75W-90,,1923,MULTIMOTORS
337,7PK-1070,,194,MULTIMOTORS
338,7PK-1070,,309,MULTIMOTORS
339,7PK-1260,,195,MULTIMOTORS
340,7PK-1473,,1856,STORM AUTOMOTIVE PARTS INC.
341,7PK-1516,,268,MULTIMOTORS
342,7PK-1700,,311,MULTIMOTORS
343,7PK-2050,,1590,MULTIMOTORS
344,7PK-2265,,312,MULTIMOTORS
345,7PK-2285,,313,MULTIMOTORS
346,7PK-2300,,314,MULTIMOTORS
347,7PK-3136,,1855,STORM AUTOMOTIVE PARTS INC.
348,7PK-990,,196,MULTIMOTORS
349,7PK-990,,316,MULTIMOTORS
350,8-894408-840,,1218,MULTIMOTORS
351,8-917109-846-1,,1384,MULTIMOTORS
352,8-94217-272-0,,908,MULTIMOTORS
353,8-94218-497-0,,711,
354,8-94223-157,,1244,MULTIMOTORS
355,8-94223-366-0,,1228,MULTIMOTORS
356,8-94223-699-0,,1167,MULTIMOTORS
357,8-94233500-3,,633,MULTIMOTORS
358,8-94408-840-1,,62,MULTIMOTORS
359,8-94408-840-1,,1236,MULTIMOTORS
360,8-94408-840-1,,1514,MULTIMOTORS
361,8-94408-841-1,,63,MULTIMOTORS
362,8-94408-841-1,,1219,MULTIMOTORS
363,8-94434-710-0,,632,MULTIMOTORS
364,8-97235-O-DMAX,,1693,
365,8-97942-876,,574,MULTIMOTORS
366,8-97942-877-0,,580,MULTIMOTORS
367,8-97947-657-0,,573,MULTIMOTORS
368,8-97947-659-0,,572,MULTIMOTORS
369,81980-12070,,660,
370,81980-12070,,672,
371,84150-01300,,739,
372,84306-58010,,588,
373,84710-G-510,,801,
374,85C1M,,668,
375,8619A018,,586,
376,9 000 022 714 ( C-901),,1800,MULTIMOTORS
377,9-917107-690-2,,1385,MULTIMOTORS
378,9.5X675,,257,MULTIMOTORS
379,9.5X875,,258,MULTIMOTORS
380,90369-T0003,,1419,MULTIMOTORS
381,90919-02248,,746,
382,90987-02006,,663,
383,92164X25.4,,317,MULTIMOTORS
384,93-96,,860,
385,95905361,,929,MULTIMOTORS
386,95D31L/N70 MF,,1716,JRM AUTO MOTOCYLE
387,96312545,,669,
388,97133-20000,,44,MULTIMOTORS
389,97360678,,365,MULTIMOTORS
390,A-27,,202,MULTIMOTORS
391,A-59,,261,MULTIMOTORS
392,AAMH01016,,1233,MULTIMOTORS
393,AAMNI1103/54542-EB70A,,1656,MULTIMOTORS
394,AC EVAPORATOR STEP 1,,15,WUERTH
395,AC EVAPORATOR STEP 2,,16,WUERTH
396,AC EVAPORATOR STEP 3,,17,WUERTH
397,AC-113K,,397,
398,AC-359WK,,398,
399,AC-377,,399,
400,AC-933E,,1830,PRIMAL
401,ACCENT 2012,,777,KING SUN
402,ACTUAL,,702,
403,ADVENTURE,,774,KING SUN
404,AHJ,,715,
405,AIRCON HOSE,,18,
406,AIRFLOW SENSOR,,1170,
407,AK-1171,,531,
408,AK-2311,,529,
409,AK-28,,337,MULTIMOTORS
410,AK-4452,,530,
411,AK-4458,,533,
412,AK-5520,,532,
413,AK-7718,,534,
414,ALL NEW AVANZA,,1416,HNP
415,ALTERNATOR SOCKET,,649,
416,AP10,,1004,WUERTH
417,AP20+,,1005,WUERTH
418,AP40,,1006,WUERTH
419,ATF,,87,MULTIMOTORS
420,ATF 7,atf-7,79,MULTIMOTORS
421,ATF CVT,,1950,EVERSTRONG
422,ATF DEXTRON VI,,1861,STORM AUTOMOTIVE PARTS INC.
423,ATF FLUSHING,,83,M7
424,ATF T-IV,,88,MULTIMOTORS
425,ATF WS,,89,MULTIMOTORS
426,ATF- WS,,1922,MULTIMOTORS
427,ATF-MA1,,82,MULTIMOTORS
428,ATF-SP3,,1646,MULTIMOTORS
429,AUTOLAMP H7 07207141,,761,WUERTH
430,AVANZA,,783,KING SUN
431,AVANZA 2012,,776,KING SUN
432,AVANZA IGNITION COIL,,1411,HNP
433,AWI-25,,1393,MULTIMOTORS
434,BAR,,665,
435,BATTERY LUG,,652,
436,BB3Q-9601-BA/O-407A,,1905,CARBUCKS
437,BIG,,992,
438,BK2Q-6714,,1605,
439,BKF4,,740,
440,BKR5E,,1124,MULTIMOTORS
441,BKR6EGP,,1128,MULTIMOTORS
442,BLOWER WINDOW MOTOR,,1187,
443,BRAKE CLEANER,,1565,WURTH
444,BRAKE FLUID,,358,MULTIMOTORS
445,BRAKE FLUID DOT4,,1630,WURTH
446,BRAKE LIGHT SWITCH,,654,
447,BRAKE PASTE,,361,WUERTH
448,BRAKE VALVE,,1188,
449,BS-5238,,1845,MULTIMOTORS
450,BS-5302,,1935,MULTIMOTORS
451,BYPASS HOSE,,658,
452,C-039/C-117,,1777,JML MERCHANDISING
453,C-102,,963,MULTIMOTORS
454,C-106,,964,MULTIMOTORS
455,C-110,,951,JML
456,C-110,,1821,PRIMAL
457,C-111,,952,JML
458,C-111,,1822,PRIMAL
459,C-119/O-119,,966,MULTIMOTORS
460,C-15439,,1510,MULTIMOTORS
461,C-206,,954,JML
462,C-207,,967,MULTIMOTORS
463,C-226,,968,MULTIMOTORS
464,C-231,,1953,PRIMAL
465,C-302,,969,MULTIMOTORS
466,C-304,,970,MULTIMOTORS
467,C-305,,971,MULTIMOTORS
468,C-306,,948,JML
469,C-306,,1954,PRIMAL
470,C-312,,972,JML
471,C-312,,1924,PRIMAL
472,C-312,,1955,PRIMAL
473,C-313,,1956,PRIMAL
474,C-35675,,1511,MULTIMOTORS
475,C-412,,973,MULTIMOTORS
476,C-415,,1868,PRIMAL
477,C-417,,974,MULTIMOTORS
478,C-421,,1870,PRIMAL
479,C-502,,976,MULTIMOTORS
480,C-503,,977,MULTIMOTORS
481,C-504,,978,MULTIMOTORS
482,C-506,,979,MULTIMOTORS
483,C-512,,980,MULTIMOTORS
484,C-513,,981,MULTIMOTORS
485,C-517,,1802,MULTIMOTORS
486,C-521,,982,MULTIMOTORS
487,C-524,c-524,983,MULTIMOTORS
488,C-527,,1957,PRIMAL
489,C-529,,958,JML
490,C-529,,1869,PRIMAL
491,C-703A,,986,MULTIMOTORS
492,C-707,,1871,PRIMAL
493,C-809,,1958,PRIMAL
494,C-8115,,930,GINZA AUTO PARTS
495,C-8121,,931,GINZA AUTO PARTS
496,C-8754,,934,GINZA AUTO PARTS
497,C-932,,1872,PRIMAL
498,CALIFORNIA SCENT,,1645,
499,CAM SHAFT OIL SEAL,,717,
500,CAM SHAFT OIL SEAL,,745,
501,CAMSHAFT SENSOR,,1183,
502,CAP,,727,
503,CARBURATOR & INJECTOR CLEANER,,1564,WURTH
504,CB50L,,729,
505,CBKK-22,,1864,RICHJAN
506,CBU-442822GTC,,1458,MULTIMOTORS
507,CHARGING VALVE,,659,
508,CK-8015,,1016,
509,CK-8025,,1017,
510,CK-8032,,1018,
511,CK-8038,,1019,
512,CK-8049,,1020,
513,CK-8105,,1021,
514,CK-8106,,1023,
515,CK-8739,,1025,
516,CK-9091 S/B,,1026,
517,CKEH-43L,,1866,RICHJAN
518,CLIP,,710,
519,CLIP,,754,
520,CLUCH PULLY ASSY.7PK,,789,KING SUN
521,CLUTCH COIL,,641,
522,COIL,,664,
523,COOLANT,,85,JML
524,COOLANT,,1700,RICHJAN
525,CP-50-B,,748,
526,CRANK SHAFT,,1194,
527,CRKK-20L,,1076,MULTIMOTORS
528,CROSSWIND,,784,KING SUN
529,CRV,,639,
530,CTX-064A,,590,MULTIMOTORS
531,CTX-065A,,604,MULTIMOTORS
532,CTX-124A,,1571,multimotors
533,CURVED VARVED ORING,,667,
534,CVKH-183,,1865,RICHJAN
535,CVT,,1632,ELI MARKETING
536,CVT F2,,77,MULTIMOTORS
537,CWE-8711,,1027,
538,CWT-219,,1028,
539,DAC-3062W-2C532,,1459,MULTIMOTORS
540,DAC-3873WC553,,1418,MULTIMOTORS
541,DB-1113 / MIT. L200 PICK UP 1990-1997,,421,MULTIMOTORS
542,DB-1116 / ISUZU CROSSWIND 1996-2017,,422,MULTIMOTORS
543,DB-1142 / HONDA CIVIC 2004-2015,,423,MULTIMOTORS
544,DB-1149 / TOYOTA HILUX 4X4 2000-2004,,424,MULTIMOTORS
545,DB-1158 /  KIA AVELLA 1997-2002,,425,MULTIMOTORS
546,DB-1175 GCT / NISSAN TERRANO 1997-2000,,427,MULTIMOTORS
547,DB-1191 / MIT.L300 VAN 2009-2022,,428,MULTIMOTORS
548,DB-1200 / TOYOTA FJ CRUISER 2008-2020,,429,MULTIMOTORS
549,DB-1201 / MIT.LANCER 1990-1991,,430,MULTIMOTORS
550,DB-1205 / TOYOTA HI-ACE 1990-1999,,431,MULTIMOTORS
551,DB-1223 / MIT.PAJERO 1992-2003 & MONTERO 2005-2007,,432,MULTIMOTORS
552,DB-1230 / ISUZO MU-X 3.0 2016-2021,,1578,MULTIMOTORS
553,"DB-1231 / MIT.PAJERO FIELDMASTER , MONTERO 1992-2003",,433,MULTIMOTORS
554,"DB-1249/ GALANT, ECLIPSE,LANCER",,434,MULTIMOTORS
555,"DB-1262/HONDA CIVIC & JAZZ 2003-2008 , BRIO 2014-2023",,435,MULTIMOTORS
556,"DB-1270 / ISUZU PICK UP, TROPPER 1992-2003",,437,MULTIMOTORS
557,DB-1274 /MAZDA MPV VS & BONGO 1994-1997,,438,MULTIMOTORS
558,DB-1280 REAR / ISUZU TROPPER 1992-2003,,439,MULTIMOTORS
559,"DB-1286 HONDA CIVIC SIR & VTEC-3 1999-2006, JAZZ 2009-2013",,1685,
560,DB-1297 / MIT. L200 PICK-UP 4X2 1997-2003,,440,MULTIMOTORS
561,DB-1328 /T-HI ACE & GRANDIA 1999-2004,,413,MULTIMOTORS
562,DB-1333 / NISSAN  X-TRAIL & SERENA 2003-2009,,441,MULTIMOTORS
563,DB-1368 /DAEWOO MATIZ 1997-2004 & CHERRY 2003-2010,,442,MULTIMOTORS
564,DB-1372 / TOYOTA REVO 1998-2004,,443,MULTIMOTORS
565,DB-1385 / MIT. PAJERO 2003-2010,,445,MULTIMOTORS
566,DB-1390 REAR /MIT.MONTERO SPORT 2007-2021,,1522,MULTIMOTORS
567,DB-1422 / TOYOTA VIOS 2003-2007,,446,MULTIMOTORS
568,"DB-1441 / MIT. GRANDIS, OUTLANDER, GALANT 2003-2017",,1579,MULTIMOTORS
569,DB-1447 /MIT. ADVENTURE 1998-2017,,447,MULTIMOTORS
570,DB-1451 /HYUNDAI SANTA FE 2003-2006,,448,MULTIMOTORS
571,DB-1460 / TOYOTA AVANZA 2006-2021,,414,MULTIMOTORS
572,DB-1466 /KIA CARENS 2006-2009,,449,MULTIMOTORS
573,DB-1481 / HONDA CRV 2002-2006,,451,MULTIMOTORS
574,DB-1482 / TOYOTA FORTUNER,,452,MULTIMOTORS
575,DB-1485 / NISSAN JUKE TEANA  2016-2021,,454,MULTIMOTORS
576,DB-1489 / TOYOTA INTERGRA 1993-2001,,455,MULTIMOTORS
577,DB-1515 HONDA CIVIC 2006-2012,,1932,MULTIMOTORS
578,DB-1680 / TOYOTA RAV-4 2001-2005,,459,MULTIMOTORS
579,DB-1681 / FORD RANGER 4WD 1998-2006,,460,MULTIMOTORS
580,DB-1686 / MIT.LANCER 2003-2012,,461,MULTIMOTORS
581,DB-1739 TOYOTA HILUX 4X4/ FORTUNER 2005-2012,,406,MULTIMOTORS
582,DB-1748 / CHEVROLET AVEO 2003-2011,,464,MULTIMOTORS
583,DB-1754 KIA SOUL 2013-2019,,465,MULTIMOTORS
584,DB-1755 / HYUNDAI i10 2008-2016/ KIA PICANTO 2004-2011,,466,MULTIMOTORS
585,DB-1763 REAR / MAZDA 3 2005-2013,,467,MULTIMOTORS
586,DB-1769/ NISSAN URVAN,,1779,ROADSTAR AUTO SUPPLY
587,DB-1787 / HYUNDAI ACCENT 2006-2011,,470,MULTIMOTORS
588,DB-1816 / KIA SORENTO 2003-2009,,471,MULTIMOTORS
589,DB-1817 / KIA K2700 2005-2018,,472,MULTIMOTORS
590,DB-1818 SUZUKI SWIFT/ CIAS,,1933,MULTIMOTORS
591,DB-1821 / FORD ESCAPE 2007-2015,,402,MULTIMOTORS
592,DB-1835 NISSAN FRONTIER NAVARA 2007-2014,,475,MULTIMOTORS
593,DB-1841/ISUZU DMAX,,417,MULTIMOTORS
594,DB-1843 / HONDA CR-V 2007-2021,,476,MULTIMOTORS
595,DB-1850 CHEVROLET CAPTIVIA 2008-2013,,477,MULTIMOTORS
596,DB-1862 REAR CHEVROLET CAPTIVA  2008-2013,,478,MULTIMOTORS
597,DB-1916/ MIT.MONTERO,,1790,ROADSTAR AUTO SUPPLY
598,DB-1918,,1934,MULTIMOTORS
599,DB-1941,,404,MULTIMOTORS
600,DB-1943,,481,MULTIMOTORS
601,DB-1957,,482,MULTIMOTORS
602,DB-1996,,484,MULTIMOTORS
603,DB-2034,,485,MULTIMOTORS
604,DB-2035,,486,MULTIMOTORS
605,DB-2074,,487,MULTIMOTORS
606,DB-2089 / KIA SOUL OPTIMA 2012-2021,,488,MULTIMOTORS
607,"DB-2174 / HYUNDAI TUCSON 2.4 ,2.0 4X4 2009-2015",,489,MULTIMOTORS
608,DB-2178 REAR / HYUNDAI SANTAFE 2010-2018,,490,MULTIMOTORS
609,DB-2261,,410,MULTIMOTORS
610,DB-2262,,491,MULTIMOTORS
611,DB-2272,,492,MULTIMOTORS
612,DB-2279,,493,MULTIMOTORS
613,DB-2290,,400,MULTIMOTORS
614,DB-230,,494,MULTIMOTORS
615,DB-2369/ TOYOTA HILUX,,1788,MULTIMOTORS
616,DB-2379,,419,MULTIMOTORS
617,DB-2380/ HILUX,,1546,MULTIMOTORS
618,DB-2396,,411,MULTIMOTORS
619,DB-2411,,420,MULTIMOTORS
620,DB-2449,,499,MULTIMOTORS
621,DB-2490,,401,MULTIMOTORS
622,DB-2496,,412,MULTIMOTORS
623,DB-2503,,1895,MULTIMOTORS
624,DB-2587,,1896,MULTIMOTORS
625,DB-300,,501,MULTIMOTORS
626,DB-308,,495,MULTIMOTORS
627,DB-318,,502,MULTIMOTORS
628,DB-340 NISSAN PATHFINDER/ FRONTIER 4X2 1989-2000,,503,MULTIMOTORS
629,"DB-388 KIA BESTA 1989-1997, MAZDA E2000-1990-1996",,504,MULTIMOTORS
630,DC-202/209,,904,JML
631,DC-305,,905,JML
632,DC-512,,1807,MULTIMOTORS
633,DC-513,,906,JML
634,DC-703A,,907,JML
635,DESICANT BAG,,22,
636,DEXTRON III ATF,,1806,MULTIMOTORS
637,DFC-158,,815,JML
638,DG002,,728,
639,DIESEL CARE,,1720,POWER SROKE
640,DIESEL SYS D60,,12,EVERSTRONG
641,DJ-008,,867,
642,DJ-046 (ACCENT),,869,
643,DOUBLE,,656,
644,DOUBLE,,794,
645,DS-0810,,1936,MULTIMOTORS
646,DS-11189/BS-5014,,550,MULTIMOTORS
647,DS-11192/BS-5048,,549,MULTIMOTORS
648,DS-11212,,555,MULTIMOTORS
649,DS-1167/328-016,,548,MULTIMOTORS
650,DS-1267/BS-5002,,538,MULTIMOTORS
651,DS-1411,,553,MULTIMOTORS
652,DS-1825/BS-5021,,551,MULTIMOTORS
653,DS-2232/BS-1358,,554,MULTIMOTORS
654,DS-2311/BS-1704,,556,MULTIMOTORS
655,DS-2338/BS-5235,,559,MULTIMOTORS
656,DS-2367/BS-5027,,536,MULTIMOTORS
657,DS-2378/BS-5007,,537,MULTIMOTORS
658,DS-2383/BS-5004,,547,MULTIMOTORS
659,DS-3416/BS-1769,,546,MULTIMOTORS
660,DS-4452/BS-1662,,544,MULTIMOTORS
661,DS-5520/BS-1614,,545,MULTIMOTORS
662,DS-6664/BS-1594,,542,MULTIMOTORS
663,DS-6741,,540,MULTIMOTORS
664,DS-9918,,557,MULTIMOTORS
665,DT-072U,,593,MULTIMOTORS
666,DTX-162A,,591,MULTIMOTORS
667,E6110-4JB5,,1121,MULTIMOTORS
668,EB3G901AA,,1906,CARBUCKS
669,EC-2 202/209,,936,JML
670,EC-2305,,938,JML
671,EFC-3234,,829,JML
672,EFC-3322,,1805,MULTIMOTORS
673,ENDURO N50,,1915,JRM
674,ENDURO N70,,1916,JRM
675,ENDURO NS40L,,173,ELI ENTERPRISES
676,ENDURO NS60LS,,175,JRM
677,ENGINE FLUSH,,75,
678,ENGINE FLUSH,,1683,
679,ENGINE OIL STOP LEAK,,1914,LUCAS
680,ENGINE OILCAP,,674,
681,ENGINE TREATMENT,,92,MULTIMOTORS
682,ERTIGA 14-UP,,535,MULTIMOTORS
683,EXHAUST CABLE,,1189,
684,EXPANSION VALV,,802,
685,EXTENTION,,655,
686,EYE,,742,
687,F-193,,804,JML
688,F-193,,1826,PRIMAL
689,F-193,,1874,PRIMAL
690,F-196A/ FFS-1640,,1827,PRIMAL
691,F-197,,1873,PRIMAL
692,F-224 / FFP 2007,,1875,PRIMAL
693,F-515,,1925,PRIMAL
694,F-AN313WK,,505,
695,F-AN398WK,,506,
696,F-AN635WK,,507,
697,F-AN97K-1,,508,
698,F19682,,832,MULTIMOTORS
699,F44829,,831,MULTIMOTORS
700,F50156,,835,MULTIMOTORS
701,F54495,,834,MULTIMOTORS
702,F60222,,812,MULTIMOTORS
703,F63169,,833,MULTIMOTORS
704,F63180,,830,MULTIMOTORS
705,FAC-2019,,1507,MULTIMOTORS
706,FAC-2302,,1509,MULTIMOTORS
707,FAC-9009,,1508,MULTIMOTORS
708,FAG-1083 /DMAX,,43,MULTIMOTORS
709,FAN MOTOR,,1409,HNP
710,FAP-3225,,42,MULTIMOTORS
711,FAS-8079,,1686,
712,FAS-8478,,1602,MULTIMOTORS
713,FAS-8529,,26,JML
714,FAS-8577,,30,MULTIMOTORS
715,FAS-8712,,1529,MULTIMOTORS
716,FAS-8858,,29,MULTIMOTORS
717,FC-017,,1778,JML MERCHANDISING
718,FC-158,,813,MULTIMOTORS
719,FC-226,,839,MULTIMOTORS
720,FC-234,,838,MULTIMOTORS
721,FC-235,,836,MULTIMOTORS
722,FC-246,,1876,PRIMAL
723,FC-317,,841,MULTIMOTORS
724,FC-321,,1952,PRIMAL
725,FC-326,,840,MULTIMOTORS
726,FC-8190,,824,GINZA AUTO PARTS
727,FC-8326,,825,GINZA AUTO PARTS
728,FC257EA,,719,
729,FCR54-60-13/2E,,1482,MULTIMOTORS
730,FCS-9475,,1503,MULTIMOTORS
731,FCS-9826,,1501,MULTIMOTORS
732,FE5,,854,JRM
733,FEMALE,,741,
734,FERULE,,675,
735,FES-5321,,915,MULTIMOTORS
736,FES-5584,,1756,CHANZ MARKETING
737,FES-5715,,919,MULTIMOTORS
738,FFC-4002,,823,MULTIMOTORS
739,FFP-211,,822,MULTIMOTORS
740,FFS-1712,ffs-1712,806,MULTIMOTORS
741,FLASHER,,676,MULTIMOTORS
742,FLAT,,687,
743,FO-5005,,926,MULTIMOTORS
744,FRICTION +094,,13,EVERSTRONG
745,FRONT,,1080,
746,FRONT,,1081,
747,FRONT,,1082,
748,FRONT,,1084,
749,FRONT/BACK,,1078,
750,FRONT/BACK,,1079,
751,FRONT/BACK,,1085,
752,FRONT/BACK,,1086,
753,FUEL FILTER,,1818,RDAK
754,FUEL INJECTOR SERVICE CLEANER,,1721,POWER SROKE
755,FUEL PUPM,,684,
756,FUSE BOX,,689,
757,Fuse Link,,691,
758,GAS SYS+G80,,11,EVERSTRONG
759,GASKET ALL,,1919,JRM
760,GC-513,,950,JML
761,GC-55193,,720,
762,GLP-004,,1029,
763,GLP-025,,1030,
764,GM 93316245,,827,MULTIMOTORS
765,GOLD DIN55,,179,ELI ENTERPRISES
766,GOLD DIN66L,,180,JRM
767,GOLD DIN77L,,181,ELI ENTERPRISES
768,GT10130,,1422,MULTIMOTORS
769,GTA-233K,,509,
770,GTK-520,,561,
771,GU-1000 R,,1425,MULTIMOTORS
772,GU-1100,,1467,MULTIMOTORS
773,GUIS-52,,1427,MULTIMOTORS
774,GUIS-66 C,,1429,MULTIMOTORS
775,GUIS-74,,1430,MULTIMOTORS
776,GUIS-75,,1431,MULTIMOTORS
777,GUK-31,,1432,MULTIMOTORS
778,GUM-75 R,,1433,MULTIMOTORS
779,GUM-88,,1434,MULTIMOTORS
780,GUM-88 R,,1451,MULTIMOTORS
781,GUM-93,,1436,MULTIMOTORS
782,GUM-93 R,,1437,MULTIMOTORS
783,GUM-Z-9,,1439,MULTIMOTORS
784,GUN-47,,1440,MULTIMOTORS
785,GUS- 1C,,1441,MULTIMOTORS
786,GUS-1,,1442,MULTIMOTORS
787,GUS-525,,1539,MULTIMOTORS
788,GUT-12 C,,1443,MULTIMOTORS
789,GUT-13,,1444,MULTIMOTORS
790,GUT-13 C,,1445,MULTIMOTORS
791,GUT-23,,1447,MULTIMOTORS
792,GUT-27,,1448,MULTIMOTORS
793,GUT-29,,1468,MULTIMOTORS
794,GUT-31 C,,1449,MULTIMOTORS
795,GWIS-5OAR,,1392,MULTIMOTORS
796,GWM-17A,,1394,MULTIMOTORS
797,GWT-150A,,1395,MULTIMOTORS
798,H-S701,,700,
799,H1 BULB 07207111,,766,WUERTH
800,H11 LIGHT BULB 12V-55W,,1568,WURTH
801,H16 12V19W,,1673,WURTH
802,H27 0720118027,,764,WUERTH
803,H3 07207121,,767,WUERTH
804,H4 100/90W,,679,WURTH
805,H4 100/90W,,696,MULTIMOTORS
806,H7,,765,WUERTH
807,HB3,,1844,WURTH
808,HB4 51W/12V,,1672,WURTH
809,HB5 100/80W,,694,MULTIMOTORS
810,HD-154,,625,MULTIMOTORS
811,HD-191,,626,MULTIMOTORS
812,HD-61,,627,MULTIMOTORS
813,HDC-117,,628,MULTIMOTORS
814,HDC-151,,629,MULTIMOTORS
815,HDC-51,,630,MULTIMOTORS
816,HDC-64,,622,MULTIMOTORS
817,HDC-75,,631,MULTIMOTORS
818,HDR-142,,378,MULTIMOTORS
819,HDR-148,,379,MULTIMOTORS
820,HE0166830,,713,
821,HEAVY DUTY OIL STABILIZER,,1912,LUCAS
822,HFT,,733,
823,HHS-2000 (089311060),,363,WUERTH
824,HI-TEMP GREASE,,1918,JRM
825,HL SOCKET,,697,
826,HMC,,698,
827,HOOD STOPPER,,699,
828,I.C,,685,
829,IC,,701,
830,IDLE AIR CONTROL VALVE,,1173,
831,IDLE AIR CONTROL VALVE,,1192,
832,IDLE SPEED CONTROL BLACK,,1174,
833,IDLE SPEED CONTROL GREEN,,1193,
834,IGNITION COIL,,703,
835,INDIVIDUAL COILD,,706,
836,INNOVA RECTIFIER,,1412,HNP
837,IS-9720,,1477,MULTIMOTORS
838,IS407-5165/8-97364-176-0,,51,MULTIMOTORS
839,ISC-600,,601,MULTIMOTORS
840,ISD-104US,,605,MULTIMOTORS
841,ISD-109US,,606,MULTIMOTORS
842,ISD-185U,,600,MULTIMOTORS
843,ISO 9001-2008,,1521,MULTIMOTORS
844,JA-6191L,,998,MULTIMOTORS
845,JA-6191R,,999,MULTIMOTORS
846,JB-1131,,146,
847,JB-1132 R/L,,147,
848,JB-1464,,148,
849,JB-2282 R/L,,149,
850,JB-2962,,150,
851,JB-4742,,151,
852,JB-5143,,152,
853,JB-5282,,153,
854,JB-7153,,1527,MULTIMOTORS
855,JB-7154,,155,
856,JB-7155,,156,
857,JB-7252,,157,
858,JB-7721,,158,
859,JB-7722 L,,159,
860,JB-7722 R/L,,160,
861,JB-7782,,161,
862,JB-7842,,162,
863,JB-7845,,163,
864,JE-1092,,1326,
865,JE-2651,,1319,
866,JE-2921,,1317,
867,JE-3641L,,1313,
868,JE-3641R,,1327,
869,JE-3881,,1314,
870,JE-3891,,1312,
871,JE-4581,,1325,
872,JE-5281,,1316,
873,JE-7251,,1323,
874,JE-7252,,1315,
875,JE-7311,,1320,
876,JE-7722,,1321,
877,JE-7731,,1318,
878,JE-7732,,1322,
879,JI-4825,,852,MULTIMOTORS
880,JK-7251,,1376,
881,JL-4740,,1154,
882,JL-6270 R,,1153,
883,JL-7760,,1155,
884,JL-7765,,1156,
885,JL69349/10,,1469,MULTIMOTORS
886,JP-7350,,997,MULTIMOTORS
887,JPH-7003S,,1453,MULTIMOTORS
888,JR-2960,,1074,MULTIMOTORS
889,JR-3600,,1065,MULTIMOTORS
890,JR-3640,,1069,MULTIMOTORS
891,JR-3641,,1067,MULTIMOTORS
892,JR-3881,,1070,MULTIMOTORS
893,JR-7700,,1066,MULTIMOTORS
894,JR-7750,,1071,MULTIMOTORS
895,JR-7780,,1073,MULTIMOTORS
896,JR-7840,,1075,MULTIMOTORS
897,JR-7950,,1072,MULTIMOTORS
898,K8478,,800,
899,K9A066830,,714,
900,KAC1070,,636,MULTIMOTORS
901,KS-6425,,585,
902,L-45723,,946,MULTIMOTORS
903,L10111 (C-111),,1797,MULTIMOTORS
904,L19612,,940,MULTIMOTORS
905,L19617,,941,MULTIMOTORS
906,L20064,,942,MULTIMOTORS
907,L29636,,944,MULTIMOTORS
908,L3,,1364,JML
909,L3,,1759,CHANZ MARKETING
910,L30001 (C-101),,1796,MULTIMOTORS
911,L45449/10,,1470,MULTIMOTORS
912,LA10,,704,
913,LED BAR,,716,
914,LM11749R/10,,1471,MULTIMOTORS
915,LM29749/10,,1461,MULTIMOTORS
916,LM48548/10,,1454,MULTIMOTORS
917,LONG LASTING DX-10,,1944,PRIMAL
918,LUG NUT,,1556,MULTIMOTORS
919,M12649/10,,1455,MULTIMOTORS
920,M2,,1365,JML
921,MA-1023,,1882,PRIMAL
922,MA-1032,,1883,PRIMAL
923,MA-1033,,1926,PRIMAL
924,MA-1534,,1884,PRIMAL
925,MA-2029,,1885,PRIMAL
926,MA-3026,,1929,PRIMAL
927,MA-529,,1928,PRIMAL
928,MA-7002,,1886,PRIMAL
929,MAC-108,,1841,PRIMAL
930,MAC-111,,1840,PRIMAL
931,MAC-304,,1892,PRIMAL
932,MAC-933,,1881,PRIMAL
933,MAGNETIC COIL,,855,
934,MAIN RELAY,,1172,
935,MAIN RELAY,,1175,
936,MAIN RELAY,,1184,
937,MALE,,743,
938,MAP SENSOR,,1176,
939,MAP SENSOR,,1190,
940,MAP SENSOR,,1196,
941,MAP SENSOR,,1198,
942,MASS AIRFLOW,,1177,
943,MASS AIRFLOW,,1178,
944,MASS AIRFLOW SENSOR,,1185,
945,MASS SENSOR,,1191,
946,MB-109528,,1210,MULTIMOTORS
947,MB-109684,,1232,MULTIMOTORS
948,MB-175534,,1141,MULTIMOTORS
949,MB-175581,,1137,MULTIMOTORS
950,MB-183865,,661,
951,MB-238495,,380,MULTIMOTORS
952,MB-238511,,1389,MULTIMOTORS
953,MB-407031,,381,MULTIMOTORS
954,MB-618797,,382,MULTIMOTORS
955,MB-808909,,1229,MULTIMOTORS
956,MB-808910,,1207,MULTIMOTORS
957,MB-809357,,1135,MULTIMOTORS
958,MB-844456,,1140,MULTIMOTORS
959,MB-950958,,383,MULTIMOTORS
960,MB3G-9601-BA,,1907,CARBUCKS
961,MBC-585,,607,MULTIMOTORS
962,MBC-659,,597,MULTIMOTORS
963,MBD-022U,,1945,MULTIMOTORS
964,MBD-124U,,598,MULTIMOTORS
965,MBP-1116,,511,M7
966,MBP-1262,,512,M7
967,MBP-1286,,513,M7
968,MBP-1422,,514,M7
969,MBP-1447,,515,M7
970,MBP-1481,,1943,M7
971,MBP-1681,,517,M7
972,MBP-1739,,518,M7
973,MBP-1741,,519,M7
974,MBP-1772,,520,M7
975,MBP-1820,,521,M7
976,MBP-1916,,1947,M7
977,MBP-2369,,1921,M7
978,MBP-2490,,1942,M7
979,MBP-308,,525,M7
980,MC-110,,1831,PRIMAL
981,MC-111,,1832,PRIMAL
982,MC-306,,1930,PRIMAL
983,MC-312,,1834,PRIMAL
984,MC-415,,1835,PRIMAL
985,MC-529,,1877,PRIMAL
986,MD-050312,,1387,MULTIMOTORS
987,MD-310484,,340,MULTIMOTORS
988,MD-620563,,37,MULTIMOTORS
989,MD183006,,339,MULTIMOTORS
990,ME-203686,,1383,MULTIMOTORS
991,MERCON  V,,74,MULTIMOTORS
992,MERCON ATF ULV,,1775,MULTIMOTORS
993,MERCON LV,,1894,MULTIMOTORS
994,MF-1029,,1951,PRIMAL
995,MF-193,,1837,PRIMAL
996,MF-194,,1839,PRIMAL
997,MF-196A/ FFS1640,,1838,PRIMAL
998,MF-197,,1878,PRIMAL
999,MF-224,,1879,PRIMAL
1000,MICRO,,686,
1001,MINI,,688,
1002,MIT.STRADA 2008,,772,KING SUN
1003,MITSUBIHI/LANCER,,638,
1004,MITSUBISHI L-300,,781,KING SUN
1005,MO-407A,,1836,PRIMAL
1006,MO-586,,1931,PRIMAL
1007,MONTERO 2014,,788,KING SUN
1008,MONTERO/STRADA,,1009,
1009,MR-102063,,1220,MULTIMOTORS
1010,MR-150767,,1133,MULTIMOTORS
1011,MR-205730,,395,MULTIMOTORS
1012,MR-205730,,634,MULTIMOTORS
1013,MR-207530,,1515,MULTIMOTORS
1014,MR-398288,,1695,
1015,MR-403-440,,1206,MULTIMOTORS
1016,MR-418067,,384,MULTIMOTORS
1017,MR-449771,,385,MULTIMOTORS
1018,MR-510742,,386,MULTIMOTORS
1019,MR-519398,,48,MULTIMOTORS
1020,MR-519398,,1208,MULTIMOTORS
1021,MR-589637,,1139,MULTIMOTORS
1022,MR-992256,,49,MULTIMOTORS
1023,MR-992256,,1204,MULTIMOTORS
1024,MR-992374,,1420,MULTIMOTORS
1025,MT-141212,,1224,MULTIMOTORS
1026,NC-115,,1804,MULTIMOTORS
1027,NC-703A,,1803,MULTIMOTORS
1028,NEO SHALDAN,,1644,
1029,NISSAN FRONTIER,,782,KING SUN
1030,NISSAN URVAN,,778,KING SUN
1031,NP-58SCRN37P,,1480,MULTIMOTORS
1032,NP-68SCRN62P,,1481,MULTIMOTORS
1033,NSC-545,,608,MULTIMOTORS
1034,NSC-652,,602,MULTIMOTORS
1035,NSD-151,,603,MULTIMOTORS
1036,O-206,,987,MULTIMOTORS
1037,O1-106,,901,JML
1038,OA-2337,,646,MULTIMOTORS
1039,OF 226/215,,1801,MULTIMOTORS
1040,OIL LIFE +091,,10,EVERSTRONG
1041,OIL SYSTEM CLEANER,,9,EVERSTRONG
1042,OLD,,861,
1043,OLD AVANZA,,1415,HNP
1044,ON-067,,902,JML
1045,ON/OFF SWITCH,,724,
1046,OT-O76K,,903,JML
1047,P21/5W,,1640,WURTH
1048,P21W,,1669,WURTH
1049,PBS 260815,,566,MULTIMOTORS
1050,PBS 261469,,567,MULTIMOTORS
1051,PBS 264495,,568,MULTIMOTORS
1052,PBS-264452,,569,MULTIMOTORS
1053,PENETRATING OIL,,1773,AUTOPRO
1054,PN-002,,391,MULTIMOTORS
1055,POWER,,756,
1056,PROPOTTIONING VALVE,,1179,
1057,PU107029RMXY,,1476,MULTIMOTORS
1058,PY21W SINGLE AMBER,,1569,WURTH
1059,RAIN VISOR,,1083,
1060,RAPID WINDSCREEN,,360,WURTH
1061,RCTS338SA1,,1472,MULTIMOTORS
1062,RELAY,,692,
1063,RELAY,,722,
1064,RELAY,,723,
1065,RELAY W/FUSE,,707,
1066,RELAY W/SOCKET,,670,
1067,RELAY WITH SOCKET,,731,
1068,SAE 80W-90,,1704,MULTIMOTORS
1069,SAE-10W-30,,870,MULTIMOTORS
1070,SAE-140,,1911,M7
1071,SAE-40,,884,
1072,SAE-5W-40,,879,LUCAS
1073,SAE-5W-40,sae-5w-40,894,WUERTH
1074,SB-1131,,103,MULTIMOTORS
1075,SB-1132,,104,MULTIMOTORS
1076,SB-1331 R/L,,106,MULTIMOTORS
1077,SB-1332,,107,MULTIMOTORS
1078,SB-1412,,109,MULTIMOTORS
1079,SB-1442 R/L,,110,MULTIMOTORS
1080,SB-1462,,111,MULTIMOTORS
1081,SB-1542 R/L,,112,MULTIMOTORS
1082,SB-1672,,113,MULTIMOTORS
1083,SB-2381 R/L,,114,MULTIMOTORS
1084,SB-2482 R/L,,115,MULTIMOTORS
1085,SB-2502,,101,MULTIMOTORS
1086,SB-2871 R/L,,117,MULTIMOTORS
1087,SB-2962,,118,MULTIMOTORS
1088,SB-3642,,121,MULTIMOTORS
1089,SB-3682,,123,MULTIMOTORS
1090,SB-4562 R/L,,126,MULTIMOTORS
1091,SB-4592 R/L,,1740,MULTIMOTORS
1092,SB-4672 R/L,,127,MULTIMOTORS
1093,SB-4952 R/L,,129,MULTIMOTORS
1094,SB-4982,,130,MULTIMOTORS
1095,SB-5143,,131,MULTIMOTORS
1096,SB-5292 L,,133,MULTIMOTORS
1097,SB-5292 R,,134,MULTIMOTORS
1098,SB-5302 R/L,,98,MULTIMOTORS
1099,SB-5361 R/L,,102,MULTIMOTORS
1100,SB-5392,,97,MULTIMOTORS
1101,SB-6191,,135,MULTIMOTORS
1102,SB-6242 R/L,,136,MULTIMOTORS
1103,SB-6272 R.L,,137,MULTIMOTORS
1104,SB-7153 NEW FEB.,,1558,MULTIMOTORS
1105,SB-7153 R/L,,138,MULTIMOTORS
1106,SB-7154 NEW FEB,,1559,MULTIMOTORS
1107,SB-7252,,1526,MULTIMOTORS
1108,SB-7722 L,,140,MULTIMOTORS
1109,SB-7722 R,,141,MULTIMOTORS
1110,SB-7761,,1525,MULTIMOTORS
1111,SB-7782 R/L,,142,MULTIMOTORS
1112,SB-7842,,144,MULTIMOTORS
1113,SB-7845,,145,
1114,SB-7941,,1846,MULTIMOTORS
1115,SB-T552,,1524,MULTIMOTORS
1116,SC-4825,,581,MULTIMOTORS
1117,SC-4835,,582,MULTIMOTORS
1118,SC-5336,,583,MULTIMOTORS
1119,SCM-2001,,848,MULTIMOTORS
1120,SE-1331,,1267,MULTIMOTORS
1121,SE-1411,,1273,MULTIMOTORS
1122,SE-1461,,1288,MULTIMOTORS
1123,SE-1591,,1279,MULTIMOTORS
1124,SE-1671,,1262,MULTIMOTORS
1125,SE-1722,,1268,MULTIMOTORS
1126,SE-2471,,1299,MULTIMOTORS
1127,SE-2472,,1300,MULTIMOTORS
1128,SE-2651,,1291,MULTIMOTORS
1129,SE-2921,,1294,MULTIMOTORS
1130,SE-2931,,1301,MULTIMOTORS
1131,SE-3601R/L,,1302,MULTIMOTORS
1132,SE-3641R/L,,1271,MULTIMOTORS
1133,SE-3681,,1277,MULTIMOTORS
1134,SE-3691,,1257,MULTIMOTORS
1135,SE-3871,,1263,MULTIMOTORS
1136,SE-3881,,1255,MULTIMOTORS
1137,SE-3891,,1253,MULTIMOTORS
1138,SE-3971,,1256,MULTIMOTORS
1139,SE-4161,,1292,MULTIMOTORS
1140,SE-4672,,1272,MULTIMOTORS
1141,SE-4681,,1264,MULTIMOTORS
1142,SE-4731,,1282,MULTIMOTORS
1143,SE-4771,,1304,MULTIMOTORS
1144,SE-4821,,1276,MULTIMOTORS
1145,SE-4822,,1269,MULTIMOTORS
1146,SE-4981 L,,1306,MULTIMOTORS
1147,SE-4981 R,,1258,MULTIMOTORS
1148,SE-5141,,1252,MULTIMOTORS
1149,SE-5361,,1307,MULTIMOTORS
1150,SE-5381,,1270,MULTIMOTORS
1151,SE-6191R/L,,1281,MULTIMOTORS
1152,SE-6231,,1285,MULTIMOTORS
1153,SE-6241,,1287,MULTIMOTORS
1154,SE-6301,,1280,MULTIMOTORS
1155,SE-7112L,,1284,MULTIMOTORS
1156,SE-7161,,1295,MULTIMOTORS
1157,SE-7301,,1290,MULTIMOTORS
1158,SE-7332,,1289,MULTIMOTORS
1159,SE-7481,,1688,
1160,SE-7721,,1254,MULTIMOTORS
1161,SE-7731,,1296,MULTIMOTORS
1162,SE-7732,,1260,MULTIMOTORS
1163,SE-7761,,1286,MULTIMOTORS
1164,SE-7781R/L,,1278,MULTIMOTORS
1165,SE-7841R/L,,1261,MULTIMOTORS
1166,SE-7842,,1520,MULTIMOTORS
1167,SE-A121,,1251,MULTIMOTORS
1168,SE-B011,,1309,MULTIMOTORS
1169,SE-B041R/L,,1259,MULTIMOTORS
1170,SE-B141,,1310,MULTIMOTORS
1171,SE-T021R/L,,1274,MULTIMOTORS
1172,SE-T221 R/L,,1638,MULTIMOTORS
1173,SE-T361,,1275,MULTIMOTORS
1174,SE-T921,,1266,MULTIMOTORS
1175,SHUT SPEED,,1180,
1176,SI-7335,,1941,MULTIMOTORS
1177,SI-7720,,849,MULTIMOTORS
1178,SILICON SPRAY,,353,
1179,SILICON SPRAY,,364,WUERTH
1180,SINGLE,,657,
1181,SINGLE,,758,
1182,SINGLE,,795,
1183,SL-1825,,1150,MULTIMOTORS
1184,SL-3870,,1655,MULTIMOTORS
1185,SL-3890 R/L,,1145,MULTIMOTORS
1186,SL-5430 R/L,,1847,MULTIMOTORS
1187,SL-7840 R/L,,1151,MULTIMOTORS
1188,SL-A370 R/L,,1598,MULTIMOTORS
1189,SL-SO40,,1940,MULTIMOTORS
1190,SL-T020,,1149,MULTIMOTORS
1191,SMALL,,991,
1192,SOCKET,,705,
1193,SOCKET BY 1,,734,
1194,SOCKET BY 2,,735,
1195,SOCKET BY 3,,736,
1196,SOCKET BY 6MF,,737,
1197,SOLINOID,,753,
1198,SON55589295,,899,MULTIMOTORS
1199,SP-1720,,996,MULTIMOTORS
1200,SP-7335,,995,MULTIMOTORS
1201,SP-7350,,994,MULTIMOTORS
1202,SP-7720,,993,MULTIMOTORS
1203,SPEED SENSOR MATIC,,1181,
1204,SPIRAL CABLE,,1195,
1205,SR-1410,,1042,MULTIMOTORS
1206,SR-1670 R/L,,1043,MULTIMOTORS
1207,SR-2910,,1045,MULTIMOTORS
1208,SR-2960,,1058,MULTIMOTORS
1209,SR-2961-M,,1049,MULTIMOTORS
1210,SR-3600-M,,1063,MULTIMOTORS
1211,SR-3640-M,,1057,MULTIMOTORS
1212,SR-3870,,1040,MULTIMOTORS
1213,SR-5290,,1039,MULTIMOTORS
1214,SR-5360,,1037,MULTIMOTORS
1215,SR-5380,,1053,MULTIMOTORS
1216,SR-6220,,1061,MULTIMOTORS
1217,SR-6230,,1050,MULTIMOTORS
1218,SR-6260-M,,1062,MULTIMOTORS
1219,SR-7230,,1048,MULTIMOTORS
1220,SR-7780,,1052,MULTIMOTORS
1221,SR-7840,,1047,MULTIMOTORS
1222,SR-7950,,1044,MULTIMOTORS
1223,SR-H150,,1054,MULTIMOTORS
1224,SR-N330,,1691,
1225,SR-N360 R/L,,1060,MULTIMOTORS
1226,SR-T020,,1051,MULTIMOTORS
1227,SR-T220,,1633,MULTIMOTORS
1228,SR-T360,,1059,MULTIMOTORS
1229,STAREX,,775,KING SUN
1230,STRADA,,773,KING SUN
1231,STRAIGHT BARBED ORING,,738,
1232,SUZUKI,,1171,
1233,SZ-34,,623,MULTIMOTORS
1234,T-20,,650,
1235,T-936,,331,MULTIMOTORS
1236,T-INNOVA,,1544,MULTIMOTORS
1237,TBL62I8B,,94,MULTIMOTORS
1238,TFC-2010,,816,MULTIMOTORS
1239,TFR,,387,MULTIMOTORS
1240,THERMOSTAT,,648,
1241,THROTTLE POSITIONING,,1182,
1242,TIC-629,,609,MULTIMOTORS
1243,TIY-40253,,856,
1244,TM2,,1487,MULTIMOTORS
1245,TOF-513,,947,BRIAN AUTO
1246,TOP-1007,,914,MULTIMOTORS
1247,TPS NISSAN,,1197,
1248,TRV,,1366,JML
1249,TRV,,1920,JRM
1250,TUCKS BLACK,,750,
1251,TUUCKS,,749,
1252,TYC-3SZ,,613,MULTIMOTORS
1253,TYC-525,,621,MULTIMOTORS
1254,TYC-550,,610,MULTIMOTORS
1255,TYC-565,,612,MULTIMOTORS
1256,TYC-638,,614,MULTIMOTORS
1257,TYD-009U,,616,MULTIMOTORS
1258,TYD-034U,,617,MULTIMOTORS
1259,TYD-035U,,596,MULTIMOTORS
1260,TYD-160U,,618,MULTIMOTORS
1261,TYD-177U,,619,MULTIMOTORS
1262,UC3C/UC2R/34-300,,72,MULTIMOTORS
1263,UM51-33-047,,1421,MULTIMOTORS
1264,UNIT FLASHER,,752,
1265,UNIVERSAL MAIN,,757,
1266,V10X1100,,318,MULTIMOTORS
1267,V13X1135,,319,MULTIMOTORS
1268,V13X1360,,320,MULTIMOTORS
1269,V13X1430,,321,MULTIMOTORS
1270,V13X1460,,322,MULTIMOTORS
1271,V13X1555,,323,MULTIMOTORS
1272,V13X620,,324,MULTIMOTORS
1273,V13X750,,325,MULTIMOTORS
1274,V13X800,,326,MULTIMOTORS
1275,V13X970,,328,MULTIMOTORS
1276,V15X1065,,259,MULTIMOTORS
1277,V17X1160,,330,MULTIMOTORS
1278,VA-1166K,,1587,
1279,VA-377K,,1589,
1280,VA-8123K,,1585,
1281,VA-8135K,,1586,
1282,VAX-8331K,,1588,
1283,VIOS,,1007,
1284,VIOS 14,,1010,
1285,VIOS 2003,,780,KING SUN
1286,VIOS M,,1543,MULTIMOTORS
1287,VK-2311,,563,
1288,VK-2330,,564,
1289,VK-7550,,565,
1290,W21 CRYSTAL BULB,,695,MULTIMOTORS
1291,W21/5W 07207632,,763,WUERTH
1292,W21W,,1670,
1293,W5W,,1671,
1294,WASHER MOTOR,,1186,
1295,WASHER NOZZOLE,,755,
1296,WEO1-10-235,,1377,MULTIMOTORS
1297,WEO1-10-235,,1381,MULTIMOTORS
1298,WEO1-10-235,,1382,MULTIMOTORS
1299,"WIPER BLADE """"12""""",,1887,WURTH
1300,"WIPER BLADE """"13""""",,1888,WURTH
1301,"WIPER BLADE """"15""""",,1808,WURTH
1302,"WIPER BLADE """"17""""",,1809,WURTH
1303,"WIPER BLADE """"19""""",,1810,WURTH
1304,"WIPER BLADE """"20""""",,1811,WURTH
1305,"WIPER BLADE """"24""""",,1813,
1306,"WIPER BLADE """"26""""",,1889,WURTH
1307,WIPER BLADE 14,,1642,WURTH
1308,WIPER BLADE 16,,1641,WURTH
1309,"WIPER BLADE 18""""",,1668,WURTH
1310,"WIPER BLADE 20""""",,1548,WURTH
1311,WIPER BLADE 21,,1566,WURTH
1312,WL81-13-Z40,,40,MULTIMOTORS
1313,WPT-111V,,1391,MULTIMOTORS
1314,WPT-168V,,1594,MULTIMOTORS
1315,WS62,,359,EVERSTRONG
1316,XC1081,,1498,MULTIMOTORS
1317,YEK-21/56820-3E000,,1336,
1318,YEK-22/56820-3E900,,1335,
1319,YSPG-S1001,,1379,MULTIMOTORS
1320,ZA-35BWD24CA18,,1488,MULTIMOTORS
1321,ZA-38BWD12CA/33,,1485,MULTIMOTORS
1322,ZA-40BWD12FCA88,,1489,MULTIMOTORS
1323,ZA-50TKZ3503RA,,1490,MULTIMOTORS
1324,ZA-54KWHO2D-Y-2CA-01,,1599,MULTIMOTORS
1325,ZA-58TKZ3504A3RA,,1483,MULTIMOTORS
1326,ZA-60TKZ23201R,,1492,MULTIMOTORS
1327,ZA-62TB06291325,,1538,MULTIMOTORS
2020,195R15C,195r15c,8940,
2021,GASKET MAKER BLACK,,8941,
2022,54660-4H000,54660-4h000,8942,
